class_0,class_1,class_2,class_3,class_4
0.8019662393959295,1.5183633616641516,0.6769802220302845,1.5521486416201116,1.7866732637099307
1.7902469458906038,1.7310095410619721,1.8317056185134724,1.523195625039295,1.04540540259889
1.0660836502146132,1.5524398776277237,1.5738871139282666,0.9463886434486918,1.2870766976664787
0.741967361812491,1.9538088561602687,0.9522556141776556,1.136874252793748,1.458828183382486
0.8317439068579331,1.4951446547310372,0.8165122909199396,0.9574268500365561,1.2133212907271527
