class_0,class_1,class_2,class_3,class_4
9.55220974959777,4.511117452272426,8.131091723090716,8.640716127100523,0.5176162868403911
7.563622435143413,4.31455083817718,4.88872311107047,5.098595974735751,8.741295136069136
2.639926644060364,5.02511212109688,4.016934019198875,3.0510409899966193,6.244803506101258
2.030767690141989,1.66585458150873,4.639201421294722,2.5471684204504452,4.1411613449655285
3.95704470308474,5.798452649297864,0.801967294628676,4.556926027243643,1.1526437905827192
