class_0,class_1,class_2
0.8734211011345688,0.681786932332608,1.080271260177283
0.8571941187685859,1.311296241443411,1.1107798656129952
1.7761421059634286,1.3445444132655864,1.06597285043553
1.8338208882217883,0.9941511746143341,0.5305921853638994
1.944453402230307,0.7038396337668942,1.8775894837933276
