class_0,class_1,class_2
1.6069694083883124,6.620253235926254,3.3826808954845387
7.22548823898967,2.3736941878662368,8.441110480749169
6.655074373802064,3.2773004435661357,7.678280909272187
7.536565161691954,0.7754181361140411,6.910928705040254
2.3100602354143995,1.5527301522514514,5.379039973998598
